{
  "creator": "Yosys 0.53+81 (git sha1 378add372, g++ 14.2.0-19ubuntu2 -fPIC -O3)",
  "modules": {
    "acc": {
      "attributes": {
        "hdlname": "acc",
        "src": "acc.v:1.1-18.10"
      },
      "ports": {
        "clk": {
          "direction": "input",
          "bits": [ 2 ]
        },
        "A": {
          "direction": "input",
          "bits": [ 3, 4, 5, 6, 7, 8, 9, 10, 11, 12, 13, 14, 15, 16, 17, 18, 19, 20, 21, 22, 23, 24, 25, 26, 27, 28, 29, 30, 31, 32, 33, 34 ]
        },
        "add": {
          "direction": "input",
          "bits": [ 35 ]
        },
        "rst": {
          "direction": "input",
          "bits": [ 36 ]
        },
        "pp": {
          "direction": "output",
          "bits": [ 37, 38, 39, 40, 41, 42, 43, 44, 45, 46, 47, 48, 49, 50, 51, 52, 53, 54, 55, 56, 57, 58, 59, 60, 61, 62, 63, 64, 65, 66, 67, 68 ]
        }
      },
      "cells": {
        "$add$acc.v:15$7": {
          "hide_name": 1,
          "type": "$add",
          "parameters": {
            "A_SIGNED": "00000000000000000000000000000000",
            "A_WIDTH": "00000000000000000000000000100000",
            "B_SIGNED": "00000000000000000000000000000000",
            "B_WIDTH": "00000000000000000000000000100000",
            "Y_WIDTH": "00000000000000000000000000100000"
          },
          "attributes": {
            "src": "acc.v:15.21-15.27"
          },
          "port_directions": {
            "A": "input",
            "B": "input",
            "Y": "output"
          },
          "connections": {
            "A": [ 37, 38, 39, 40, 41, 42, 43, 44, 45, 46, 47, 48, 49, 50, 51, 52, 53, 54, 55, 56, 57, 58, 59, 60, 61, 62, 63, 64, 65, 66, 67, 68 ],
            "B": [ 3, 4, 5, 6, 7, 8, 9, 10, 11, 12, 13, 14, 15, 16, 17, 18, 19, 20, 21, 22, 23, 24, 25, 26, 27, 28, 29, 30, 31, 32, 33, 34 ],
            "Y": [ 69, 70, 71, 72, 73, 74, 75, 76, 77, 78, 79, 80, 81, 82, 83, 84, 85, 86, 87, 88, 89, 90, 91, 92, 93, 94, 95, 96, 97, 98, 99, 100 ]
          }
        },
        "$procdff$157": {
          "hide_name": 1,
          "type": "$dff",
          "parameters": {
            "CLK_POLARITY": "0",
            "WIDTH": "00000000000000000000000000100000"
          },
          "attributes": {
            "src": "acc.v:10.1-17.9"
          },
          "port_directions": {
            "CLK": "input",
            "D": "input",
            "Q": "output"
          },
          "connections": {
            "CLK": [ 2 ],
            "D": [ 101, 102, 103, 104, 105, 106, 107, 108, 109, 110, 111, 112, 113, 114, 115, 116, 117, 118, 119, 120, 121, 122, 123, 124, 125, 126, 127, 128, 129, 130, 131, 132 ],
            "Q": [ 37, 38, 39, 40, 41, 42, 43, 44, 45, 46, 47, 48, 49, 50, 51, 52, 53, 54, 55, 56, 57, 58, 59, 60, 61, 62, 63, 64, 65, 66, 67, 68 ]
          }
        },
        "$procmux$36": {
          "hide_name": 1,
          "type": "$mux",
          "parameters": {
            "WIDTH": "00000000000000000000000000100000"
          },
          "attributes": {
            "full_case": "00000000000000000000000000000001",
            "src": "acc.v:15.11-15.14|acc.v:15.7-16.20"
          },
          "port_directions": {
            "A": "input",
            "B": "input",
            "S": "input",
            "Y": "output"
          },
          "connections": {
            "A": [ 37, 38, 39, 40, 41, 42, 43, 44, 45, 46, 47, 48, 49, 50, 51, 52, 53, 54, 55, 56, 57, 58, 59, 60, 61, 62, 63, 64, 65, 66, 67, 68 ],
            "B": [ 69, 70, 71, 72, 73, 74, 75, 76, 77, 78, 79, 80, 81, 82, 83, 84, 85, 86, 87, 88, 89, 90, 91, 92, 93, 94, 95, 96, 97, 98, 99, 100 ],
            "S": [ 35 ],
            "Y": [ 133, 134, 135, 136, 137, 138, 139, 140, 141, 142, 143, 144, 145, 146, 147, 148, 149, 150, 151, 152, 153, 154, 155, 156, 157, 158, 159, 160, 161, 162, 163, 164 ]
          }
        },
        "$procmux$42": {
          "hide_name": 1,
          "type": "$mux",
          "parameters": {
            "WIDTH": "00000000000000000000000000100000"
          },
          "attributes": {
            "full_case": "00000000000000000000000000000001",
            "src": "acc.v:11.7-11.10|acc.v:11.3-17.9"
          },
          "port_directions": {
            "A": "input",
            "B": "input",
            "S": "input",
            "Y": "output"
          },
          "connections": {
            "A": [ 133, 134, 135, 136, 137, 138, 139, 140, 141, 142, 143, 144, 145, 146, 147, 148, 149, 150, 151, 152, 153, 154, 155, 156, 157, 158, 159, 160, 161, 162, 163, 164 ],
            "B": [ "0", "0", "0", "0", "0", "0", "0", "0", "0", "0", "0", "0", "0", "0", "0", "0", "0", "0", "0", "0", "0", "0", "0", "0", "0", "0", "0", "0", "0", "0", "0", "0" ],
            "S": [ 36 ],
            "Y": [ 101, 102, 103, 104, 105, 106, 107, 108, 109, 110, 111, 112, 113, 114, 115, 116, 117, 118, 119, 120, 121, 122, 123, 124, 125, 126, 127, 128, 129, 130, 131, 132 ]
          }
        }
      },
      "netnames": {
        "$0\\pp[31:0]": {
          "hide_name": 1,
          "bits": [ 101, 102, 103, 104, 105, 106, 107, 108, 109, 110, 111, 112, 113, 114, 115, 116, 117, 118, 119, 120, 121, 122, 123, 124, 125, 126, 127, 128, 129, 130, 131, 132 ],
          "attributes": {
            "src": "acc.v:10.1-17.9"
          }
        },
        "$2\\pp[31:0]": {
          "hide_name": 1,
          "bits": [ 133, 134, 135, 136, 137, 138, 139, 140, 141, 142, 143, 144, 145, 146, 147, 148, 149, 150, 151, 152, 153, 154, 155, 156, 157, 158, 159, 160, 161, 162, 163, 164 ],
          "attributes": {
            "src": "acc.v:10.1-17.9"
          }
        },
        "$add$acc.v:15$7_Y": {
          "hide_name": 1,
          "bits": [ 69, 70, 71, 72, 73, 74, 75, 76, 77, 78, 79, 80, 81, 82, 83, 84, 85, 86, 87, 88, 89, 90, 91, 92, 93, 94, 95, 96, 97, 98, 99, 100 ],
          "attributes": {
            "src": "acc.v:15.21-15.27"
          }
        },
        "A": {
          "hide_name": 0,
          "bits": [ 3, 4, 5, 6, 7, 8, 9, 10, 11, 12, 13, 14, 15, 16, 17, 18, 19, 20, 21, 22, 23, 24, 25, 26, 27, 28, 29, 30, 31, 32, 33, 34 ],
          "attributes": {
            "src": "acc.v:3.16-3.17"
          }
        },
        "add": {
          "hide_name": 0,
          "bits": [ 35 ],
          "attributes": {
            "src": "acc.v:4.9-4.12"
          }
        },
        "clk": {
          "hide_name": 0,
          "bits": [ 2 ],
          "attributes": {
            "src": "acc.v:2.9-2.12"
          }
        },
        "pp": {
          "hide_name": 0,
          "bits": [ 37, 38, 39, 40, 41, 42, 43, 44, 45, 46, 47, 48, 49, 50, 51, 52, 53, 54, 55, 56, 57, 58, 59, 60, 61, 62, 63, 64, 65, 66, 67, 68 ],
          "attributes": {
            "init": "00000000000000000000000000000000",
            "src": "acc.v:6.21-6.23"
          }
        },
        "rst": {
          "hide_name": 0,
          "bits": [ 36 ],
          "attributes": {
            "src": "acc.v:5.9-5.12"
          }
        }
      }
    },
    "comp": {
      "attributes": {
        "hdlname": "comp",
        "src": "comp.v:1.1-12.10"
      },
      "ports": {
        "B": {
          "direction": "input",
          "bits": [ 2, 3, 4, 5, 6, 7, 8, 9, 10, 11, 12, 13, 14, 15, 16, 17 ]
        },
        "z": {
          "direction": "output",
          "bits": [ 18 ]
        }
      },
      "cells": {
        "$eq$comp.v:10$10": {
          "hide_name": 1,
          "type": "$logic_not",
          "parameters": {
            "A_SIGNED": "00000000000000000000000000000000",
            "A_WIDTH": "00000000000000000000000000010000",
            "Y_WIDTH": "00000000000000000000000000000001"
          },
          "attributes": {
            "src": "comp.v:10.14-10.18"
          },
          "port_directions": {
            "A": "input",
            "Y": "output"
          },
          "connections": {
            "A": [ 2, 3, 4, 5, 6, 7, 8, 9, 10, 11, 12, 13, 14, 15, 16, 17 ],
            "Y": [ 19 ]
          }
        },
        "$ternary$comp.v:10$11": {
          "hide_name": 1,
          "type": "$mux",
          "parameters": {
            "WIDTH": "00000000000000000000000000000001"
          },
          "attributes": {
            "src": "comp.v:10.13-10.33"
          },
          "port_directions": {
            "A": "input",
            "B": "input",
            "S": "input",
            "Y": "output"
          },
          "connections": {
            "A": [ "0" ],
            "B": [ "1" ],
            "S": [ 19 ],
            "Y": [ 18 ]
          }
        }
      },
      "netnames": {
        "$eq$comp.v:10$10_Y": {
          "hide_name": 1,
          "bits": [ 19 ],
          "attributes": {
            "src": "comp.v:10.14-10.18"
          }
        },
        "B": {
          "hide_name": 0,
          "bits": [ 2, 3, 4, 5, 6, 7, 8, 9, 10, 11, 12, 13, 14, 15, 16, 17 ],
          "attributes": {
            "src": "comp.v:2.15-2.16"
          }
        },
        "tmp": {
          "hide_name": 0,
          "bits": [ 18 ],
          "attributes": {
            "src": "comp.v:4.7-4.10"
          }
        },
        "z": {
          "hide_name": 0,
          "bits": [ 18 ],
          "attributes": {
            "src": "comp.v:3.10-3.11"
          }
        }
      }
    },
    "control_mult": {
      "attributes": {
        "hdlname": "control_mult",
        "src": "control_mult.v:1.1-110.10"
      },
      "parameter_default_values": {
        "ADD": "011",
        "CHECK": "001",
        "END": "100",
        "SHIFT": "010",
        "START": "000"
      },
      "ports": {
        "clk": {
          "direction": "input",
          "bits": [ 2 ]
        },
        "rst": {
          "direction": "input",
          "bits": [ 3 ]
        },
        "lsb_B": {
          "direction": "input",
          "bits": [ 4 ]
        },
        "init": {
          "direction": "input",
          "bits": [ 5 ]
        },
        "z": {
          "direction": "input",
          "bits": [ 6 ]
        },
        "done": {
          "direction": "output",
          "bits": [ 7 ]
        },
        "sh": {
          "direction": "output",
          "bits": [ 8 ]
        },
        "reset": {
          "direction": "output",
          "bits": [ 9 ]
        },
        "add": {
          "direction": "output",
          "bits": [ 10 ]
        }
      },
      "cells": {
        "$add$control_mult.v:84$2": {
          "hide_name": 1,
          "type": "$add",
          "parameters": {
            "A_SIGNED": "00000000000000000000000000000000",
            "A_WIDTH": "00000000000000000000000000000100",
            "B_SIGNED": "00000000000000000000000000000000",
            "B_WIDTH": "00000000000000000000000000000001",
            "Y_WIDTH": "00000000000000000000000000000100"
          },
          "attributes": {
            "src": "control_mult.v:84.17-84.26"
          },
          "port_directions": {
            "A": "input",
            "B": "input",
            "Y": "output"
          },
          "connections": {
            "A": [ 11, 12, 13, 14 ],
            "B": [ "1" ],
            "Y": [ 15, 16, 17, 18 ]
          }
        },
        "$auto$opt_reduce.cc:131:opt_pmux$164": {
          "hide_name": 1,
          "type": "$reduce_or",
          "parameters": {
            "A_SIGNED": "00000000000000000000000000000000",
            "A_WIDTH": "00000000000000000000000000000100",
            "Y_WIDTH": "00000000000000000000000000000001"
          },
          "attributes": {
          },
          "port_directions": {
            "A": "input",
            "Y": "output"
          },
          "connections": {
            "A": [ 19, 20, 21, 22 ],
            "Y": [ 23 ]
          }
        },
        "$auto$opt_reduce.cc:131:opt_pmux$166": {
          "hide_name": 1,
          "type": "$reduce_or",
          "parameters": {
            "A_SIGNED": "00000000000000000000000000000000",
            "A_WIDTH": "00000000000000000000000000000100",
            "Y_WIDTH": "00000000000000000000000000000001"
          },
          "attributes": {
          },
          "port_directions": {
            "A": "input",
            "Y": "output"
          },
          "connections": {
            "A": [ 19, 20, 21, 24 ],
            "Y": [ 25 ]
          }
        },
        "$auto$opt_reduce.cc:131:opt_pmux$168": {
          "hide_name": 1,
          "type": "$reduce_or",
          "parameters": {
            "A_SIGNED": "00000000000000000000000000000000",
            "A_WIDTH": "00000000000000000000000000000100",
            "Y_WIDTH": "00000000000000000000000000000001"
          },
          "attributes": {
          },
          "port_directions": {
            "A": "input",
            "Y": "output"
          },
          "connections": {
            "A": [ 19, 21, 24, 22 ],
            "Y": [ 26 ]
          }
        },
        "$auto$opt_reduce.cc:131:opt_pmux$170": {
          "hide_name": 1,
          "type": "$reduce_or",
          "parameters": {
            "A_SIGNED": "00000000000000000000000000000000",
            "A_WIDTH": "00000000000000000000000000000100",
            "Y_WIDTH": "00000000000000000000000000000001"
          },
          "attributes": {
          },
          "port_directions": {
            "A": "input",
            "Y": "output"
          },
          "connections": {
            "A": [ 20, 21, 24, 22 ],
            "Y": [ 27 ]
          }
        },
        "$gt$control_mult.v:85$3": {
          "hide_name": 1,
          "type": "$gt",
          "parameters": {
            "A_SIGNED": "00000000000000000000000000000000",
            "A_WIDTH": "00000000000000000000000000000100",
            "B_SIGNED": "00000000000000000000000000000000",
            "B_WIDTH": "00000000000000000000000000000100",
            "Y_WIDTH": "00000000000000000000000000000001"
          },
          "attributes": {
            "src": "control_mult.v:85.18-85.25"
          },
          "port_directions": {
            "A": "input",
            "B": "input",
            "Y": "output"
          },
          "connections": {
            "A": [ 15, 16, 17, 18 ],
            "B": [ "1", "0", "0", "1" ],
            "Y": [ 28 ]
          }
        },
        "$procdff$158": {
          "hide_name": 1,
          "type": "$dff",
          "parameters": {
            "CLK_POLARITY": "1",
            "WIDTH": "00000000000000000000000000000001"
          },
          "attributes": {
            "src": "control_mult.v:34.1-91.4"
          },
          "port_directions": {
            "CLK": "input",
            "D": "input",
            "Q": "output"
          },
          "connections": {
            "CLK": [ 2 ],
            "D": [ 29 ],
            "Q": [ 7 ]
          }
        },
        "$procdff$159": {
          "hide_name": 1,
          "type": "$dff",
          "parameters": {
            "CLK_POLARITY": "1",
            "WIDTH": "00000000000000000000000000000001"
          },
          "attributes": {
            "src": "control_mult.v:34.1-91.4"
          },
          "port_directions": {
            "CLK": "input",
            "D": "input",
            "Q": "output"
          },
          "connections": {
            "CLK": [ 2 ],
            "D": [ 30 ],
            "Q": [ 10 ]
          }
        },
        "$procdff$160": {
          "hide_name": 1,
          "type": "$dff",
          "parameters": {
            "CLK_POLARITY": "1",
            "WIDTH": "00000000000000000000000000000001"
          },
          "attributes": {
            "src": "control_mult.v:34.1-91.4"
          },
          "port_directions": {
            "CLK": "input",
            "D": "input",
            "Q": "output"
          },
          "connections": {
            "CLK": [ 2 ],
            "D": [ 31 ],
            "Q": [ 8 ]
          }
        },
        "$procdff$161": {
          "hide_name": 1,
          "type": "$dff",
          "parameters": {
            "CLK_POLARITY": "1",
            "WIDTH": "00000000000000000000000000000001"
          },
          "attributes": {
            "src": "control_mult.v:34.1-91.4"
          },
          "port_directions": {
            "CLK": "input",
            "D": "input",
            "Q": "output"
          },
          "connections": {
            "CLK": [ 2 ],
            "D": [ 32 ],
            "Q": [ 9 ]
          }
        },
        "$procdff$162": {
          "hide_name": 1,
          "type": "$dff",
          "parameters": {
            "CLK_POLARITY": "1",
            "WIDTH": "00000000000000000000000000000011"
          },
          "attributes": {
            "src": "control_mult.v:34.1-91.4"
          },
          "port_directions": {
            "CLK": "input",
            "D": "input",
            "Q": "output"
          },
          "connections": {
            "CLK": [ 2 ],
            "D": [ 33, 34, 35 ],
            "Q": [ 36, 37, 38 ]
          }
        },
        "$procdff$163": {
          "hide_name": 1,
          "type": "$dff",
          "parameters": {
            "CLK_POLARITY": "1",
            "WIDTH": "00000000000000000000000000000100"
          },
          "attributes": {
            "src": "control_mult.v:34.1-91.4"
          },
          "port_directions": {
            "CLK": "input",
            "D": "input",
            "Q": "output"
          },
          "connections": {
            "CLK": [ 2 ],
            "D": [ 39, 40, 41, 42 ],
            "Q": [ 11, 12, 13, 14 ]
          }
        },
        "$procmux$100_CMP0": {
          "hide_name": 1,
          "type": "$eq",
          "parameters": {
            "A_SIGNED": "00000000000000000000000000000000",
            "A_WIDTH": "00000000000000000000000000000011",
            "B_SIGNED": "00000000000000000000000000000000",
            "B_WIDTH": "00000000000000000000000000000010",
            "Y_WIDTH": "00000000000000000000000000000001"
          },
          "attributes": {
            "full_case": "00000000000000000000000000000001",
            "src": "control_mult.v:0.0-0.0|control_mult.v:38.5-89.11"
          },
          "port_directions": {
            "A": "input",
            "B": "input",
            "Y": "output"
          },
          "connections": {
            "A": [ 36, 37, 38 ],
            "B": [ "1", "1" ],
            "Y": [ 19 ]
          }
        },
        "$procmux$101_CMP0": {
          "hide_name": 1,
          "type": "$eq",
          "parameters": {
            "A_SIGNED": "00000000000000000000000000000000",
            "A_WIDTH": "00000000000000000000000000000011",
            "B_SIGNED": "00000000000000000000000000000000",
            "B_WIDTH": "00000000000000000000000000000010",
            "Y_WIDTH": "00000000000000000000000000000001"
          },
          "attributes": {
            "full_case": "00000000000000000000000000000001",
            "src": "control_mult.v:0.0-0.0|control_mult.v:38.5-89.11"
          },
          "port_directions": {
            "A": "input",
            "B": "input",
            "Y": "output"
          },
          "connections": {
            "A": [ 36, 37, 38 ],
            "B": [ "0", "1" ],
            "Y": [ 20 ]
          }
        },
        "$procmux$102_CMP0": {
          "hide_name": 1,
          "type": "$eq",
          "parameters": {
            "A_SIGNED": "00000000000000000000000000000000",
            "A_WIDTH": "00000000000000000000000000000011",
            "B_SIGNED": "00000000000000000000000000000000",
            "B_WIDTH": "00000000000000000000000000000001",
            "Y_WIDTH": "00000000000000000000000000000001"
          },
          "attributes": {
            "full_case": "00000000000000000000000000000001",
            "src": "control_mult.v:0.0-0.0|control_mult.v:38.5-89.11"
          },
          "port_directions": {
            "A": "input",
            "B": "input",
            "Y": "output"
          },
          "connections": {
            "A": [ 36, 37, 38 ],
            "B": [ "1" ],
            "Y": [ 21 ]
          }
        },
        "$procmux$103_CMP0": {
          "hide_name": 1,
          "type": "$logic_not",
          "parameters": {
            "A_SIGNED": "00000000000000000000000000000000",
            "A_WIDTH": "00000000000000000000000000000011",
            "Y_WIDTH": "00000000000000000000000000000001"
          },
          "attributes": {
            "full_case": "00000000000000000000000000000001",
            "src": "control_mult.v:0.0-0.0|control_mult.v:38.5-89.11"
          },
          "port_directions": {
            "A": "input",
            "Y": "output"
          },
          "connections": {
            "A": [ 36, 37, 38 ],
            "Y": [ 24 ]
          }
        },
        "$procmux$108": {
          "hide_name": 1,
          "type": "$pmux",
          "parameters": {
            "S_WIDTH": "00000000000000000000000000000010",
            "WIDTH": "00000000000000000000000000000001"
          },
          "attributes": {
            "full_case": "00000000000000000000000000000001",
            "src": "control_mult.v:0.0-0.0|control_mult.v:38.5-89.11"
          },
          "port_directions": {
            "A": "input",
            "B": "input",
            "S": "input",
            "Y": "output"
          },
          "connections": {
            "A": [ 9 ],
            "B": [ "0", "1" ],
            "S": [ 23, 24 ],
            "Y": [ 43 ]
          }
        },
        "$procmux$109_CMP0": {
          "hide_name": 1,
          "type": "$eq",
          "parameters": {
            "A_SIGNED": "00000000000000000000000000000000",
            "A_WIDTH": "00000000000000000000000000000011",
            "B_SIGNED": "00000000000000000000000000000000",
            "B_WIDTH": "00000000000000000000000000000011",
            "Y_WIDTH": "00000000000000000000000000000001"
          },
          "attributes": {
            "full_case": "00000000000000000000000000000001",
            "src": "control_mult.v:0.0-0.0|control_mult.v:38.5-89.11"
          },
          "port_directions": {
            "A": "input",
            "B": "input",
            "Y": "output"
          },
          "connections": {
            "A": [ 36, 37, 38 ],
            "B": [ "0", "0", "1" ],
            "Y": [ 22 ]
          }
        },
        "$procmux$118": {
          "hide_name": 1,
          "type": "$pmux",
          "parameters": {
            "S_WIDTH": "00000000000000000000000000000010",
            "WIDTH": "00000000000000000000000000000001"
          },
          "attributes": {
            "full_case": "00000000000000000000000000000001",
            "src": "control_mult.v:0.0-0.0|control_mult.v:38.5-89.11"
          },
          "port_directions": {
            "A": "input",
            "B": "input",
            "S": "input",
            "Y": "output"
          },
          "connections": {
            "A": [ 8 ],
            "B": [ "0", "1" ],
            "S": [ 26, 20 ],
            "Y": [ 44 ]
          }
        },
        "$procmux$128": {
          "hide_name": 1,
          "type": "$pmux",
          "parameters": {
            "S_WIDTH": "00000000000000000000000000000010",
            "WIDTH": "00000000000000000000000000000001"
          },
          "attributes": {
            "full_case": "00000000000000000000000000000001",
            "src": "control_mult.v:0.0-0.0|control_mult.v:38.5-89.11"
          },
          "port_directions": {
            "A": "input",
            "B": "input",
            "S": "input",
            "Y": "output"
          },
          "connections": {
            "A": [ 7 ],
            "B": [ "1", "0" ],
            "S": [ 22, 25 ],
            "Y": [ 45 ]
          }
        },
        "$procmux$138": {
          "hide_name": 1,
          "type": "$mux",
          "parameters": {
            "WIDTH": "00000000000000000000000000000011"
          },
          "attributes": {
            "full_case": "00000000000000000000000000000001",
            "src": "control_mult.v:35.9-35.12|control_mult.v:35.5-90.6"
          },
          "port_directions": {
            "A": "input",
            "B": "input",
            "S": "input",
            "Y": "output"
          },
          "connections": {
            "A": [ 46, 47, 48 ],
            "B": [ "0", "0", "0" ],
            "S": [ 3 ],
            "Y": [ 33, 34, 35 ]
          }
        },
        "$procmux$141": {
          "hide_name": 1,
          "type": "$mux",
          "parameters": {
            "WIDTH": "00000000000000000000000000000100"
          },
          "attributes": {
            "full_case": "00000000000000000000000000000001",
            "src": "control_mult.v:35.9-35.12|control_mult.v:35.5-90.6"
          },
          "port_directions": {
            "A": "input",
            "B": "input",
            "S": "input",
            "Y": "output"
          },
          "connections": {
            "A": [ 49, 50, 51, 52 ],
            "B": [ 11, 12, 13, 14 ],
            "S": [ 3 ],
            "Y": [ 39, 40, 41, 42 ]
          }
        },
        "$procmux$144": {
          "hide_name": 1,
          "type": "$mux",
          "parameters": {
            "WIDTH": "00000000000000000000000000000001"
          },
          "attributes": {
            "full_case": "00000000000000000000000000000001",
            "src": "control_mult.v:35.9-35.12|control_mult.v:35.5-90.6"
          },
          "port_directions": {
            "A": "input",
            "B": "input",
            "S": "input",
            "Y": "output"
          },
          "connections": {
            "A": [ 43 ],
            "B": [ 9 ],
            "S": [ 3 ],
            "Y": [ 32 ]
          }
        },
        "$procmux$147": {
          "hide_name": 1,
          "type": "$mux",
          "parameters": {
            "WIDTH": "00000000000000000000000000000001"
          },
          "attributes": {
            "full_case": "00000000000000000000000000000001",
            "src": "control_mult.v:35.9-35.12|control_mult.v:35.5-90.6"
          },
          "port_directions": {
            "A": "input",
            "B": "input",
            "S": "input",
            "Y": "output"
          },
          "connections": {
            "A": [ 44 ],
            "B": [ 8 ],
            "S": [ 3 ],
            "Y": [ 31 ]
          }
        },
        "$procmux$150": {
          "hide_name": 1,
          "type": "$mux",
          "parameters": {
            "WIDTH": "00000000000000000000000000000001"
          },
          "attributes": {
            "full_case": "00000000000000000000000000000001",
            "src": "control_mult.v:35.9-35.12|control_mult.v:35.5-90.6"
          },
          "port_directions": {
            "A": "input",
            "B": "input",
            "S": "input",
            "Y": "output"
          },
          "connections": {
            "A": [ 53 ],
            "B": [ 10 ],
            "S": [ 3 ],
            "Y": [ 30 ]
          }
        },
        "$procmux$153": {
          "hide_name": 1,
          "type": "$mux",
          "parameters": {
            "WIDTH": "00000000000000000000000000000001"
          },
          "attributes": {
            "full_case": "00000000000000000000000000000001",
            "src": "control_mult.v:35.9-35.12|control_mult.v:35.5-90.6"
          },
          "port_directions": {
            "A": "input",
            "B": "input",
            "S": "input",
            "Y": "output"
          },
          "connections": {
            "A": [ 45 ],
            "B": [ 7 ],
            "S": [ 3 ],
            "Y": [ 29 ]
          }
        },
        "$procmux$48": {
          "hide_name": 1,
          "type": "$mux",
          "parameters": {
            "WIDTH": "00000000000000000000000000000011"
          },
          "attributes": {
            "full_case": "00000000000000000000000000000001",
            "src": "control_mult.v:67.10-67.11|control_mult.v:67.7-70.23"
          },
          "port_directions": {
            "A": "input",
            "B": "input",
            "S": "input",
            "Y": "output"
          },
          "connections": {
            "A": [ "1", "0", "0" ],
            "B": [ "0", "0", "1" ],
            "S": [ 6 ],
            "Y": [ 54, 55, 56 ]
          }
        },
        "$procmux$60": {
          "hide_name": 1,
          "type": "$mux",
          "parameters": {
            "WIDTH": "00000000000000000000000000000001"
          },
          "attributes": {
            "full_case": "00000000000000000000000000000001",
            "src": "control_mult.v:57.10-57.15|control_mult.v:57.7-60.23"
          },
          "port_directions": {
            "A": "input",
            "B": "input",
            "S": "input",
            "Y": "output"
          },
          "connections": {
            "A": [ "0" ],
            "B": [ "1" ],
            "S": [ 4 ],
            "Y": [ 57 ]
          }
        },
        "$procmux$73": {
          "hide_name": 1,
          "type": "$mux",
          "parameters": {
            "WIDTH": "00000000000000000000000000000001"
          },
          "attributes": {
            "full_case": "00000000000000000000000000000001",
            "src": "control_mult.v:46.12-46.16|control_mult.v:46.9-49.25"
          },
          "port_directions": {
            "A": "input",
            "B": "input",
            "S": "input",
            "Y": "output"
          },
          "connections": {
            "A": [ "0" ],
            "B": [ "1" ],
            "S": [ 5 ],
            "Y": [ 58 ]
          }
        },
        "$procmux$81": {
          "hide_name": 1,
          "type": "$pmux",
          "parameters": {
            "S_WIDTH": "00000000000000000000000000000101",
            "WIDTH": "00000000000000000000000000000011"
          },
          "attributes": {
            "full_case": "00000000000000000000000000000001",
            "src": "control_mult.v:0.0-0.0|control_mult.v:38.5-89.11"
          },
          "port_directions": {
            "A": "input",
            "B": "input",
            "S": "input",
            "Y": "output"
          },
          "connections": {
            "A": [ "0", "0", "0" ],
            "B": [ 59, 60, 61, "0", "1", "0", 54, 55, 56, 57, "1", "0", 58, "0", "0" ],
            "S": [ 22, 19, 20, 21, 24 ],
            "Y": [ 46, 47, 48 ]
          }
        },
        "$procmux$91": {
          "hide_name": 1,
          "type": "$pmux",
          "parameters": {
            "S_WIDTH": "00000000000000000000000000000010",
            "WIDTH": "00000000000000000000000000000100"
          },
          "attributes": {
            "full_case": "00000000000000000000000000000001",
            "src": "control_mult.v:0.0-0.0|control_mult.v:38.5-89.11"
          },
          "port_directions": {
            "A": "input",
            "B": "input",
            "S": "input",
            "Y": "output"
          },
          "connections": {
            "A": [ 11, 12, 13, 14 ],
            "B": [ 15, 16, 17, 18, "0", "0", "0", "0" ],
            "S": [ 22, 24 ],
            "Y": [ 49, 50, 51, 52 ]
          }
        },
        "$procmux$98": {
          "hide_name": 1,
          "type": "$pmux",
          "parameters": {
            "S_WIDTH": "00000000000000000000000000000010",
            "WIDTH": "00000000000000000000000000000001"
          },
          "attributes": {
            "full_case": "00000000000000000000000000000001",
            "src": "control_mult.v:0.0-0.0|control_mult.v:38.5-89.11"
          },
          "port_directions": {
            "A": "input",
            "B": "input",
            "S": "input",
            "Y": "output"
          },
          "connections": {
            "A": [ 10 ],
            "B": [ "0", "1" ],
            "S": [ 27, 19 ],
            "Y": [ 53 ]
          }
        },
        "$ternary$control_mult.v:85$4": {
          "hide_name": 1,
          "type": "$mux",
          "parameters": {
            "WIDTH": "00000000000000000000000000000011"
          },
          "attributes": {
            "src": "control_mult.v:85.17-85.40"
          },
          "port_directions": {
            "A": "input",
            "B": "input",
            "S": "input",
            "Y": "output"
          },
          "connections": {
            "A": [ "0", "0", "1" ],
            "B": [ "0", "0", "0" ],
            "S": [ 28 ],
            "Y": [ 59, 60, 61 ]
          }
        }
      },
      "netnames": {
        "$0\\add[0:0]": {
          "hide_name": 1,
          "bits": [ 30 ],
          "attributes": {
            "src": "control_mult.v:34.1-91.4"
          }
        },
        "$0\\count[3:0]": {
          "hide_name": 1,
          "bits": [ 39, 40, 41, 42 ],
          "attributes": {
            "src": "control_mult.v:34.1-91.4"
          }
        },
        "$0\\done[0:0]": {
          "hide_name": 1,
          "bits": [ 29 ],
          "attributes": {
            "src": "control_mult.v:34.1-91.4"
          }
        },
        "$0\\reset[0:0]": {
          "hide_name": 1,
          "bits": [ 32 ],
          "attributes": {
            "src": "control_mult.v:34.1-91.4"
          }
        },
        "$0\\sh[0:0]": {
          "hide_name": 1,
          "bits": [ 31 ],
          "attributes": {
            "src": "control_mult.v:34.1-91.4"
          }
        },
        "$0\\state[2:0]": {
          "hide_name": 1,
          "bits": [ 33, 34, 35 ],
          "attributes": {
            "src": "control_mult.v:34.1-91.4"
          }
        },
        "$2\\add[0:0]": {
          "hide_name": 1,
          "bits": [ 53 ],
          "attributes": {
            "src": "control_mult.v:34.1-91.4"
          }
        },
        "$2\\count[3:0]": {
          "hide_name": 1,
          "bits": [ 49, 50, 51, 52 ],
          "attributes": {
            "src": "control_mult.v:34.1-91.4"
          }
        },
        "$2\\done[0:0]": {
          "hide_name": 1,
          "bits": [ 45 ],
          "attributes": {
            "src": "control_mult.v:34.1-91.4"
          }
        },
        "$2\\reset[0:0]": {
          "hide_name": 1,
          "bits": [ 43 ],
          "attributes": {
            "src": "control_mult.v:34.1-91.4"
          }
        },
        "$2\\sh[0:0]": {
          "hide_name": 1,
          "bits": [ 44 ],
          "attributes": {
            "src": "control_mult.v:34.1-91.4"
          }
        },
        "$2\\state[2:0]": {
          "hide_name": 1,
          "bits": [ 46, 47, 48 ],
          "attributes": {
            "src": "control_mult.v:34.1-91.4"
          }
        },
        "$3\\state[2:0]": {
          "hide_name": 1,
          "bits": [ 58 ],
          "attributes": {
          }
        },
        "$4\\state[2:0]": {
          "hide_name": 1,
          "bits": [ 57 ],
          "attributes": {
          }
        },
        "$5\\state[2:0]": {
          "hide_name": 1,
          "bits": [ 54, 55, 56 ],
          "attributes": {
            "src": "control_mult.v:34.1-91.4"
          }
        },
        "$add$control_mult.v:84$2_Y": {
          "hide_name": 1,
          "bits": [ 15, 16, 17, 18 ],
          "attributes": {
          }
        },
        "$auto$opt_reduce.cc:137:opt_pmux$165": {
          "hide_name": 1,
          "bits": [ 23 ],
          "attributes": {
          }
        },
        "$auto$opt_reduce.cc:137:opt_pmux$167": {
          "hide_name": 1,
          "bits": [ 25 ],
          "attributes": {
          }
        },
        "$auto$opt_reduce.cc:137:opt_pmux$169": {
          "hide_name": 1,
          "bits": [ 26 ],
          "attributes": {
          }
        },
        "$auto$opt_reduce.cc:137:opt_pmux$171": {
          "hide_name": 1,
          "bits": [ 27 ],
          "attributes": {
          }
        },
        "$gt$control_mult.v:85$3_Y": {
          "hide_name": 1,
          "bits": [ 28 ],
          "attributes": {
            "src": "control_mult.v:85.18-85.25"
          }
        },
        "$procmux$100_CMP": {
          "hide_name": 1,
          "bits": [ 19 ],
          "attributes": {
          }
        },
        "$procmux$101_CMP": {
          "hide_name": 1,
          "bits": [ 20 ],
          "attributes": {
          }
        },
        "$procmux$102_CMP": {
          "hide_name": 1,
          "bits": [ 21 ],
          "attributes": {
          }
        },
        "$procmux$103_CMP": {
          "hide_name": 1,
          "bits": [ 24 ],
          "attributes": {
          }
        },
        "$procmux$109_CMP": {
          "hide_name": 1,
          "bits": [ 22 ],
          "attributes": {
          }
        },
        "$ternary$control_mult.v:85$4_Y": {
          "hide_name": 1,
          "bits": [ 59, 60, 61 ],
          "attributes": {
            "src": "control_mult.v:85.17-85.40"
          }
        },
        "add": {
          "hide_name": 0,
          "bits": [ 10 ],
          "attributes": {
            "init": "0",
            "src": "control_mult.v:13.13-13.16"
          }
        },
        "clk": {
          "hide_name": 0,
          "bits": [ 2 ],
          "attributes": {
            "src": "control_mult.v:4.8-4.11"
          }
        },
        "count": {
          "hide_name": 0,
          "bits": [ 11, 12, 13, 14 ],
          "attributes": {
            "src": "control_mult.v:32.11-32.16"
          }
        },
        "done": {
          "hide_name": 0,
          "bits": [ 7 ],
          "attributes": {
            "init": "0",
            "src": "control_mult.v:10.13-10.17"
          }
        },
        "init": {
          "hide_name": 0,
          "bits": [ 5 ],
          "attributes": {
            "src": "control_mult.v:7.8-7.12"
          }
        },
        "lsb_B": {
          "hide_name": 0,
          "bits": [ 4 ],
          "attributes": {
            "src": "control_mult.v:6.8-6.13"
          }
        },
        "reset": {
          "hide_name": 0,
          "bits": [ 9 ],
          "attributes": {
            "init": "0",
            "src": "control_mult.v:12.13-12.18"
          }
        },
        "rst": {
          "hide_name": 0,
          "bits": [ 3 ],
          "attributes": {
            "src": "control_mult.v:5.8-5.11"
          }
        },
        "sh": {
          "hide_name": 0,
          "bits": [ 8 ],
          "attributes": {
            "init": "0",
            "src": "control_mult.v:11.13-11.15"
          }
        },
        "state": {
          "hide_name": 0,
          "bits": [ 36, 37, 38 ],
          "attributes": {
            "init": "000",
            "src": "control_mult.v:22.12-22.17"
          }
        },
        "z": {
          "hide_name": 0,
          "bits": [ 6 ],
          "attributes": {
            "src": "control_mult.v:8.8-8.9"
          }
        }
      }
    },
    "lsr": {
      "attributes": {
        "hdlname": "lsr",
        "src": "lsr.v:1.1-17.10"
      },
      "ports": {
        "clk": {
          "direction": "input",
          "bits": [ 2 ]
        },
        "in_A": {
          "direction": "input",
          "bits": [ 3, 4, 5, 6, 7, 8, 9, 10, 11, 12, 13, 14, 15, 16, 17, 18 ]
        },
        "shift": {
          "direction": "input",
          "bits": [ 19 ]
        },
        "load": {
          "direction": "input",
          "bits": [ 20 ]
        },
        "s_A": {
          "direction": "output",
          "bits": [ 21, 22, 23, 24, 25, 26, 27, 28, 29, 30, 31, 32, 33, 34, 35, 36, 37, 38, 39, 40, 41, 42, 43, 44, 45, 46, 47, 48, 49, 50, 51, 52 ]
        }
      },
      "cells": {
        "$procdff$156": {
          "hide_name": 1,
          "type": "$dff",
          "parameters": {
            "CLK_POLARITY": "0",
            "WIDTH": "00000000000000000000000000100000"
          },
          "attributes": {
            "src": "lsr.v:8.1-15.7"
          },
          "port_directions": {
            "CLK": "input",
            "D": "input",
            "Q": "output"
          },
          "connections": {
            "CLK": [ 2 ],
            "D": [ 53, 54, 55, 56, 57, 58, 59, 60, 61, 62, 63, 64, 65, 66, 67, 68, 69, 70, 71, 72, 73, 74, 75, 76, 77, 78, 79, 80, 81, 82, 83, 84 ],
            "Q": [ 21, 22, 23, 24, 25, 26, 27, 28, 29, 30, 31, 32, 33, 34, 35, 36, 37, 38, 39, 40, 41, 42, 43, 44, 45, 46, 47, 48, 49, 50, 51, 52 ]
          }
        },
        "$procmux$27": {
          "hide_name": 1,
          "type": "$mux",
          "parameters": {
            "WIDTH": "00000000000000000000000000100000"
          },
          "attributes": {
            "full_case": "00000000000000000000000000000001",
            "src": "lsr.v:13.8-13.13|lsr.v:13.5-14.21"
          },
          "port_directions": {
            "A": "input",
            "B": "input",
            "S": "input",
            "Y": "output"
          },
          "connections": {
            "A": [ 21, 22, 23, 24, 25, 26, 27, 28, 29, 30, 31, 32, 33, 34, 35, 36, 37, 38, 39, 40, 41, 42, 43, 44, 45, 46, 47, 48, 49, 50, 51, 52 ],
            "B": [ "0", 21, 22, 23, 24, 25, 26, 27, 28, 29, 30, 31, 32, 33, 34, 35, 36, 37, 38, 39, 40, 41, 42, 43, 44, 45, 46, 47, 48, 49, 50, 51 ],
            "S": [ 19 ],
            "Y": [ 85, 86, 87, 88, 89, 90, 91, 92, 93, 94, 95, 96, 97, 98, 99, 100, 101, 102, 103, 104, 105, 106, 107, 108, 109, 110, 111, 112, 113, 114, 115, 116 ]
          }
        },
        "$procmux$33": {
          "hide_name": 1,
          "type": "$mux",
          "parameters": {
            "WIDTH": "00000000000000000000000000100000"
          },
          "attributes": {
            "full_case": "00000000000000000000000000000001",
            "src": "lsr.v:9.6-9.10|lsr.v:9.3-15.7"
          },
          "port_directions": {
            "A": "input",
            "B": "input",
            "S": "input",
            "Y": "output"
          },
          "connections": {
            "A": [ 85, 86, 87, 88, 89, 90, 91, 92, 93, 94, 95, 96, 97, 98, 99, 100, 101, 102, 103, 104, 105, 106, 107, 108, 109, 110, 111, 112, 113, 114, 115, 116 ],
            "B": [ 3, 4, 5, 6, 7, 8, 9, 10, 11, 12, 13, 14, 15, 16, 17, 18, "0", "0", "0", "0", "0", "0", "0", "0", "0", "0", "0", "0", "0", "0", "0", "0" ],
            "S": [ 20 ],
            "Y": [ 53, 54, 55, 56, 57, 58, 59, 60, 61, 62, 63, 64, 65, 66, 67, 68, 69, 70, 71, 72, 73, 74, 75, 76, 77, 78, 79, 80, 81, 82, 83, 84 ]
          }
        }
      },
      "netnames": {
        "$0\\s_A[31:0]": {
          "hide_name": 1,
          "bits": [ 53, 54, 55, 56, 57, 58, 59, 60, 61, 62, 63, 64, 65, 66, 67, 68, 69, 70, 71, 72, 73, 74, 75, 76, 77, 78, 79, 80, 81, 82, 83, 84 ],
          "attributes": {
            "src": "lsr.v:8.1-15.7"
          }
        },
        "$2\\s_A[31:0]": {
          "hide_name": 1,
          "bits": [ 85, 86, 87, 88, 89, 90, 91, 92, 93, 94, 95, 96, 97, 98, 99, 100, 101, 102, 103, 104, 105, 106, 107, 108, 109, 110, 111, 112, 113, 114, 115, 116 ],
          "attributes": {
            "src": "lsr.v:8.1-15.7"
          }
        },
        "clk": {
          "hide_name": 0,
          "bits": [ 2 ],
          "attributes": {
            "src": "lsr.v:2.9-2.12"
          }
        },
        "in_A": {
          "hide_name": 0,
          "bits": [ 3, 4, 5, 6, 7, 8, 9, 10, 11, 12, 13, 14, 15, 16, 17, 18 ],
          "attributes": {
            "src": "lsr.v:3.15-3.19"
          }
        },
        "load": {
          "hide_name": 0,
          "bits": [ 20 ],
          "attributes": {
            "src": "lsr.v:4.9-4.13"
          }
        },
        "s_A": {
          "hide_name": 0,
          "bits": [ 21, 22, 23, 24, 25, 26, 27, 28, 29, 30, 31, 32, 33, 34, 35, 36, 37, 38, 39, 40, 41, 42, 43, 44, 45, 46, 47, 48, 49, 50, 51, 52 ],
          "attributes": {
            "src": "lsr.v:6.20-6.23"
          }
        },
        "shift": {
          "hide_name": 0,
          "bits": [ 19 ],
          "attributes": {
            "src": "lsr.v:5.9-5.14"
          }
        }
      }
    },
    "mult_32": {
      "attributes": {
        "hdlname": "mult_32",
        "top": "00000000000000000000000000000001",
        "src": "mult_32.v:1.1-27.10"
      },
      "ports": {
        "clk": {
          "direction": "input",
          "bits": [ 2 ]
        },
        "rst": {
          "direction": "input",
          "bits": [ 3 ]
        },
        "init": {
          "direction": "input",
          "bits": [ 4 ]
        },
        "A": {
          "direction": "input",
          "bits": [ 5, 6, 7, 8, 9, 10, 11, 12, 13, 14, 15, 16, 17, 18, 19, 20 ]
        },
        "B": {
          "direction": "input",
          "bits": [ 21, 22, 23, 24, 25, 26, 27, 28, 29, 30, 31, 32, 33, 34, 35, 36 ]
        },
        "pp": {
          "direction": "output",
          "bits": [ 37, 38, 39, 40, 41, 42, 43, 44, 45, 46, 47, 48, 49, 50, 51, 52, 53, 54, 55, 56, 57, 58, 59, 60, 61, 62, 63, 64, 65, 66, 67, 68 ]
        },
        "done": {
          "direction": "output",
          "bits": [ 69 ]
        }
      },
      "cells": {
        "acc0": {
          "hide_name": 0,
          "type": "acc",
          "parameters": {
          },
          "attributes": {
            "module_not_derived": "00000000000000000000000000000001",
            "src": "mult_32.v:23.7-23.70"
          },
          "port_directions": {
            "A": "input",
            "add": "input",
            "clk": "input",
            "pp": "output",
            "rst": "input"
          },
          "connections": {
            "A": [ 70, 71, 72, 73, 74, 75, 76, 77, 78, 79, 80, 81, 82, 83, 84, 85, 86, 87, 88, 89, 90, 91, 92, 93, 94, 95, 96, 97, 98, 99, 100, 101 ],
            "add": [ 102 ],
            "clk": [ 2 ],
            "pp": [ 37, 38, 39, 40, 41, 42, 43, 44, 45, 46, 47, 48, 49, 50, 51, 52, 53, 54, 55, 56, 57, 58, 59, 60, 61, 62, 63, 64, 65, 66, 67, 68 ],
            "rst": [ 103 ]
          }
        },
        "comp0": {
          "hide_name": 0,
          "type": "comp",
          "parameters": {
          },
          "attributes": {
            "module_not_derived": "00000000000000000000000000000001",
            "src": "mult_32.v:22.8-22.31"
          },
          "port_directions": {
            "B": "input",
            "z": "output"
          },
          "connections": {
            "B": [ 104, 105, 106, 107, 108, 109, 110, 111, 112, 113, 114, 115, 116, 117, 118, 119 ],
            "z": [ 120 ]
          }
        },
        "control0": {
          "hide_name": 0,
          "type": "control_mult",
          "parameters": {
          },
          "attributes": {
            "module_not_derived": "00000000000000000000000000000001",
            "src": "mult_32.v:24.16-24.147"
          },
          "port_directions": {
            "add": "output",
            "clk": "input",
            "done": "output",
            "init": "input",
            "lsb_B": "input",
            "reset": "output",
            "rst": "input",
            "sh": "output",
            "z": "input"
          },
          "connections": {
            "add": [ 102 ],
            "clk": [ 2 ],
            "done": [ 69 ],
            "init": [ 4 ],
            "lsb_B": [ 104 ],
            "reset": [ 103 ],
            "rst": [ 3 ],
            "sh": [ 121 ],
            "z": [ 120 ]
          }
        },
        "lsr0": {
          "hide_name": 0,
          "type": "lsr",
          "parameters": {
          },
          "attributes": {
            "module_not_derived": "00000000000000000000000000000001",
            "src": "mult_32.v:21.7-21.77"
          },
          "port_directions": {
            "clk": "input",
            "in_A": "input",
            "load": "input",
            "s_A": "output",
            "shift": "input"
          },
          "connections": {
            "clk": [ 2 ],
            "in_A": [ 5, 6, 7, 8, 9, 10, 11, 12, 13, 14, 15, 16, 17, 18, 19, 20 ],
            "load": [ 103 ],
            "s_A": [ 70, 71, 72, 73, 74, 75, 76, 77, 78, 79, 80, 81, 82, 83, 84, 85, 86, 87, 88, 89, 90, 91, 92, 93, 94, 95, 96, 97, 98, 99, 100, 101 ],
            "shift": [ 121 ]
          }
        },
        "rsr0": {
          "hide_name": 0,
          "type": "rsr",
          "parameters": {
          },
          "attributes": {
            "module_not_derived": "00000000000000000000000000000001",
            "src": "mult_32.v:20.7-20.77"
          },
          "port_directions": {
            "clk": "input",
            "in_B": "input",
            "load": "input",
            "s_B": "output",
            "shift": "input"
          },
          "connections": {
            "clk": [ 2 ],
            "in_B": [ 21, 22, 23, 24, 25, 26, 27, 28, 29, 30, 31, 32, 33, 34, 35, 36 ],
            "load": [ 103 ],
            "s_B": [ 104, 105, 106, 107, 108, 109, 110, 111, 112, 113, 114, 115, 116, 117, 118, 119 ],
            "shift": [ 121 ]
          }
        }
      },
      "netnames": {
        "A": {
          "hide_name": 0,
          "bits": [ 5, 6, 7, 8, 9, 10, 11, 12, 13, 14, 15, 16, 17, 18, 19, 20 ],
          "attributes": {
            "src": "mult_32.v:6.16-6.17"
          }
        },
        "B": {
          "hide_name": 0,
          "bits": [ 21, 22, 23, 24, 25, 26, 27, 28, 29, 30, 31, 32, 33, 34, 35, 36 ],
          "attributes": {
            "src": "mult_32.v:7.16-7.17"
          }
        },
        "clk": {
          "hide_name": 0,
          "bits": [ 2 ],
          "attributes": {
            "src": "mult_32.v:4.9-4.12"
          }
        },
        "done": {
          "hide_name": 0,
          "bits": [ 69 ],
          "attributes": {
            "src": "mult_32.v:9.10-9.14"
          }
        },
        "init": {
          "hide_name": 0,
          "bits": [ 4 ],
          "attributes": {
            "src": "mult_32.v:5.9-5.13"
          }
        },
        "pp": {
          "hide_name": 0,
          "bits": [ 37, 38, 39, 40, 41, 42, 43, 44, 45, 46, 47, 48, 49, 50, 51, 52, 53, 54, 55, 56, 57, 58, 59, 60, 61, 62, 63, 64, 65, 66, 67, 68 ],
          "attributes": {
            "src": "mult_32.v:8.17-8.19"
          }
        },
        "rst": {
          "hide_name": 0,
          "bits": [ 3 ],
          "attributes": {
            "src": "mult_32.v:3.9-3.12"
          }
        },
        "w_A": {
          "hide_name": 0,
          "bits": [ 70, 71, 72, 73, 74, 75, 76, 77, 78, 79, 80, 81, 82, 83, 84, 85, 86, 87, 88, 89, 90, 91, 92, 93, 94, 95, 96, 97, 98, 99, 100, 101 ],
          "attributes": {
            "src": "mult_32.v:16.15-16.18"
          }
        },
        "w_B": {
          "hide_name": 0,
          "bits": [ 104, 105, 106, 107, 108, 109, 110, 111, 112, 113, 114, 115, 116, 117, 118, 119 ],
          "attributes": {
            "src": "mult_32.v:17.15-17.18"
          }
        },
        "w_add": {
          "hide_name": 0,
          "bits": [ 102 ],
          "attributes": {
            "src": "mult_32.v:13.8-13.13"
          }
        },
        "w_reset": {
          "hide_name": 0,
          "bits": [ 103 ],
          "attributes": {
            "src": "mult_32.v:12.8-12.15"
          }
        },
        "w_sh": {
          "hide_name": 0,
          "bits": [ 121 ],
          "attributes": {
            "src": "mult_32.v:11.8-11.12"
          }
        },
        "w_z": {
          "hide_name": 0,
          "bits": [ 120 ],
          "attributes": {
            "src": "mult_32.v:14.8-14.11"
          }
        }
      }
    },
    "rsr": {
      "attributes": {
        "hdlname": "rsr",
        "src": "rsr.v:1.1-17.10"
      },
      "ports": {
        "clk": {
          "direction": "input",
          "bits": [ 2 ]
        },
        "in_B": {
          "direction": "input",
          "bits": [ 3, 4, 5, 6, 7, 8, 9, 10, 11, 12, 13, 14, 15, 16, 17, 18 ]
        },
        "shift": {
          "direction": "input",
          "bits": [ 19 ]
        },
        "load": {
          "direction": "input",
          "bits": [ 20 ]
        },
        "s_B": {
          "direction": "output",
          "bits": [ 21, 22, 23, 24, 25, 26, 27, 28, 29, 30, 31, 32, 33, 34, 35, 36 ]
        }
      },
      "cells": {
        "$procdff$155": {
          "hide_name": 1,
          "type": "$dff",
          "parameters": {
            "CLK_POLARITY": "0",
            "WIDTH": "00000000000000000000000000010000"
          },
          "attributes": {
            "src": "rsr.v:8.1-15.7"
          },
          "port_directions": {
            "CLK": "input",
            "D": "input",
            "Q": "output"
          },
          "connections": {
            "CLK": [ 2 ],
            "D": [ 37, 38, 39, 40, 41, 42, 43, 44, 45, 46, 47, 48, 49, 50, 51, 52 ],
            "Q": [ 21, 22, 23, 24, 25, 26, 27, 28, 29, 30, 31, 32, 33, 34, 35, 36 ]
          }
        },
        "$procmux$18": {
          "hide_name": 1,
          "type": "$mux",
          "parameters": {
            "WIDTH": "00000000000000000000000000010000"
          },
          "attributes": {
            "full_case": "00000000000000000000000000000001",
            "src": "rsr.v:13.8-13.13|rsr.v:13.5-14.20"
          },
          "port_directions": {
            "A": "input",
            "B": "input",
            "S": "input",
            "Y": "output"
          },
          "connections": {
            "A": [ 21, 22, 23, 24, 25, 26, 27, 28, 29, 30, 31, 32, 33, 34, 35, 36 ],
            "B": [ 22, 23, 24, 25, 26, 27, 28, 29, 30, 31, 32, 33, 34, 35, 36, "0" ],
            "S": [ 19 ],
            "Y": [ 53, 54, 55, 56, 57, 58, 59, 60, 61, 62, 63, 64, 65, 66, 67, 68 ]
          }
        },
        "$procmux$24": {
          "hide_name": 1,
          "type": "$mux",
          "parameters": {
            "WIDTH": "00000000000000000000000000010000"
          },
          "attributes": {
            "full_case": "00000000000000000000000000000001",
            "src": "rsr.v:9.6-9.10|rsr.v:9.3-15.7"
          },
          "port_directions": {
            "A": "input",
            "B": "input",
            "S": "input",
            "Y": "output"
          },
          "connections": {
            "A": [ 53, 54, 55, 56, 57, 58, 59, 60, 61, 62, 63, 64, 65, 66, 67, 68 ],
            "B": [ 3, 4, 5, 6, 7, 8, 9, 10, 11, 12, 13, 14, 15, 16, 17, 18 ],
            "S": [ 20 ],
            "Y": [ 37, 38, 39, 40, 41, 42, 43, 44, 45, 46, 47, 48, 49, 50, 51, 52 ]
          }
        }
      },
      "netnames": {
        "$0\\s_B[15:0]": {
          "hide_name": 1,
          "bits": [ 37, 38, 39, 40, 41, 42, 43, 44, 45, 46, 47, 48, 49, 50, 51, 52 ],
          "attributes": {
            "src": "rsr.v:8.1-15.7"
          }
        },
        "$2\\s_B[15:0]": {
          "hide_name": 1,
          "bits": [ 53, 54, 55, 56, 57, 58, 59, 60, 61, 62, 63, 64, 65, 66, 67, 68 ],
          "attributes": {
            "src": "rsr.v:8.1-15.7"
          }
        },
        "clk": {
          "hide_name": 0,
          "bits": [ 2 ],
          "attributes": {
            "src": "rsr.v:2.9-2.12"
          }
        },
        "in_B": {
          "hide_name": 0,
          "bits": [ 3, 4, 5, 6, 7, 8, 9, 10, 11, 12, 13, 14, 15, 16, 17, 18 ],
          "attributes": {
            "src": "rsr.v:3.15-3.19"
          }
        },
        "load": {
          "hide_name": 0,
          "bits": [ 20 ],
          "attributes": {
            "src": "rsr.v:4.9-4.13"
          }
        },
        "s_B": {
          "hide_name": 0,
          "bits": [ 21, 22, 23, 24, 25, 26, 27, 28, 29, 30, 31, 32, 33, 34, 35, 36 ],
          "attributes": {
            "src": "rsr.v:6.20-6.23"
          }
        },
        "shift": {
          "hide_name": 0,
          "bits": [ 19 ],
          "attributes": {
            "src": "rsr.v:5.9-5.14"
          }
        }
      }
    }
  }
}
